Player,Team,Position,Yahoo,Sleeper,MFL,ADP,Source_Count,ADP_Spread,ADP_StdDev,MFL_Source,Source_Updated,Yahoo_Updated,Sleeper_Updated,MFL_Updated
Jahmyr Gibbs,DET,RB,1.4,1.9,1.44,1.58,3,0.5,0.2778488797889961,"MyFantasyLeague recent PPR, 12-team redraft",2026-09-28,2026-08-29,2026-09-28,2026-09-24
Bijan Robinson,ATL,RB,2.0,2.9,2.41,2.436666666666667,3,0.8999999999999999,0.4505922029211483,"MyFantasyLeague recent PPR, 12-team redraft",2026-09-28,2026-08-29,2026-09-28,2026-09-24
Ja'Marr Chase,CIN,WR,3.4,3.9,4.5,3.9333333333333336,3,1.1,0.5507570547286103,"MyFantasyLeague recent PPR, 12-team redraft",2026-09-28,2026-08-29,2026-09-28,2026-09-24
Christian McCaffrey,SF,RB,5.6,4.4,7.06,5.6866666666666665,3,2.6599999999999993,1.3321161110553885,"MyFantasyLeague recent PPR, 12-team redraft",2026-09-28,2026-08-29,2026-09-28,2026-09-24
Puka Nacua,LAR,WR,4.8,6.3,7.53,6.21,3,2.7300000000000004,1.3672234638127012,"MyFantasyLeague recent PPR, 12-team redraft",2026-09-28,2026-08-29,2026-09-28,2026-09-24
Jonathan Taylor,IND,RB,6.8,5.7,6.59,6.363333333333333,3,1.0999999999999996,0.5839805932848566,"MyFantasyLeague recent PPR, 12-team redraft",2026-09-28,2026-08-29,2026-09-28,2026-09-24
Jaxon Smith-Njigba,SEA,WR,6.9,8.2,8.94,8.013333333333334,3,2.039999999999999,1.0327310072489022,"MyFantasyLeague recent PPR, 12-team redraft",2026-09-28,2026-08-29,2026-09-28,2026-09-24
Amon-Ra St. Brown,DET,WR,7.9,7.4,10.65,8.65,3,3.25,1.75,"MyFantasyLeague recent PPR, 12-team redraft",2026-09-28,2026-08-29,2026-09-28,2026-09-24
James Cook,BUF,RB,9.7,8.2,8.29,8.729999999999999,3,1.5,0.8412490713219243,"MyFantasyLeague recent PPR, 12-team redraft",2026-09-28,2026-08-29,2026-09-28,2026-09-24
Saquon Barkley,PHI,RB,11.9,10.1,13.24,11.746666666666668,3,3.1400000000000006,1.5756057036369646,"MyFantasyLeague recent PPR, 12-team redraft",2026-09-28,2026-08-29,2026-09-28,2026-09-24
CeeDee Lamb,DAL,WR,10.6,11.8,14.88,12.426666666666668,3,4.280000000000001,2.207743946505875,"MyFantasyLeague recent PPR, 12-team redraft",2026-09-28,2026-08-29,2026-09-28,2026-09-24
Justin Jefferson,MIN,WR,12.9,12.5,17.18,14.193333333333333,3,4.68,2.594250052198772,"MyFantasyLeague recent PPR, 12-team redraft",2026-09-28,2026-08-29,2026-09-28,2026-09-24
Josh Allen,BUF,QB,19.8,20.6,4.06,14.820000000000002,3,16.540000000000003,9.327014527703922,"MyFantasyLeague recent PPR, 12-team redraft",2026-09-28,2026-08-29,2026-09-28,2026-09-24
De'Von Achane,MIA,RB,15.5,13.3,16.38,15.06,3,3.0799999999999983,1.5864425612041544,"MyFantasyLeague recent PPR, 12-team redraft",2026-09-28,2026-08-29,2026-09-28,2026-09-24
Chase Brown,CIN,RB,16.2,16.3,14.88,15.793333333333335,3,1.42,0.7925486315257461,"MyFantasyLeague recent PPR, 12-team redraft",2026-09-28,2026-08-29,2026-09-28,2026-09-24
Derrick Henry,BAL,RB,17.7,14.8,16.88,16.459999999999997,3,2.8999999999999986,1.4949247472699076,"MyFantasyLeague recent PPR, 12-team redraft",2026-09-28,2026-08-29,2026-09-28,2026-09-24
Omarion Hampton,LAC,RB,18.6,15.2,17.4,17.066666666666666,3,3.400000000000002,1.7243356208503426,"MyFantasyLeague recent PPR, 12-team redraft",2026-09-28,2026-08-29,2026-09-28,2026-09-24
Ashton Jeanty,LV,RB,15.1,17.4,20.41,17.636666666666667,3,5.3100000000000005,2.662899422308949,"MyFantasyLeague recent PPR, 12-team redraft",2026-09-28,2026-08-29,2026-09-28,2026-09-24
Kenneth Walker,KC,RB,16.2,17.4,20.06,17.886666666666667,3,3.8599999999999994,1.9754830632868845,"MyFantasyLeague recent PPR, 12-team redraft",2026-09-28,2026-08-29,2026-09-28,2026-09-24
Drake London,ATL,WR,19.2,21.5,24.53,21.743333333333336,3,5.330000000000002,2.6733187863278367,"MyFantasyLeague recent PPR, 12-team redraft",2026-09-28,2026-08-29,2026-09-28,2026-09-24
A.J. Brown,NE,WR,24.5,19.8,24.25,22.849999999999998,3,4.699999999999999,2.64433356443547,"MyFantasyLeague recent PPR, 12-team redraft",2026-09-28,2026-08-29,2026-09-28,2026-09-24
Nico Collins,HOU,WR,22.3,22.6,26.53,23.810000000000002,3,4.23,2.3603601420122313,"MyFantasyLeague recent PPR, 12-team redraft",2026-09-28,2026-08-29,2026-09-28,2026-09-24
George Pickens,DAL,WR,22.4,25.7,27.59,25.23,3,5.190000000000001,2.6267280026679587,"MyFantasyLeague recent PPR, 12-team redraft",2026-09-28,2026-08-29,2026-09-28,2026-09-24
Kyren Williams,LAR,RB,28.8,24.5,26.53,26.61,3,4.300000000000001,2.151115989434322,"MyFantasyLeague recent PPR, 12-team redraft",2026-09-28,2026-08-29,2026-09-28,2026-09-24
Trey McBride,ARI,TE,26.1,26.2,34.0,28.766666666666666,3,7.899999999999999,4.532475409015842,"MyFantasyLeague recent PPR, 12-team redraft",2026-09-28,2026-08-29,2026-09-28,2026-09-24
Jeremiyah Love,ARI,RB,28.8,26.7,33.62,29.706666666666667,3,6.919999999999998,3.547975948809874,"MyFantasyLeague recent PPR, 12-team redraft",2026-09-28,2026-08-29,2026-09-28,2026-09-24
Brock Bowers,LV,TE,21.1,23.8,44.86,29.92,3,23.759999999999998,13.00865865491135,"MyFantasyLeague recent PPR, 12-team redraft",2026-09-28,2026-08-29,2026-09-28,2026-09-24
Javonte Williams,DAL,RB,34.4,30.5,29.41,31.436666666666667,3,4.989999999999998,2.62355356974721,"MyFantasyLeague recent PPR, 12-team redraft",2026-09-28,2026-08-29,2026-09-28,2026-09-24
Malik Nabers,NYG,WR,31.8,28.6,34.59,31.663333333333338,3,5.990000000000002,2.9973377075887426,"MyFantasyLeague recent PPR, 12-team redraft",2026-09-28,2026-08-29,2026-09-28,2026-09-24
Chris Olave,NO,WR,32.5,29.2,37.31,33.00333333333334,3,8.110000000000003,4.078361599139211,"MyFantasyLeague recent PPR, 12-team redraft",2026-09-28,2026-08-29,2026-09-28,2026-09-24
Rashee Rice,KC,WR,34.7,31.3,35.88,33.96,3,4.580000000000002,2.377982338033654,"MyFantasyLeague recent PPR, 12-team redraft",2026-09-28,2026-08-29,2026-09-28,2026-09-24
DeVonta Smith,PHI,WR,29.5,33.1,40.25,34.28333333333333,3,10.75,5.471821756356226,"MyFantasyLeague recent PPR, 12-team redraft",2026-09-28,2026-08-29,2026-09-28,2026-09-24
Lamar Jackson,BAL,QB,37.9,34.4,31.25,34.516666666666666,3,6.649999999999999,3.326534733522758,"MyFantasyLeague recent PPR, 12-team redraft",2026-09-28,2026-08-29,2026-09-28,2026-09-24
Breece Hall,NYJ,RB,35.2,32.2,36.81,34.73666666666667,3,4.609999999999999,2.3396652182167714,"MyFantasyLeague recent PPR, 12-team redraft",2026-09-28,2026-08-29,2026-09-28,2026-09-24
Travis Etienne,NO,RB,43.0,37.7,37.47,39.39,3,5.530000000000001,3.1284660778087394,"MyFantasyLeague recent PPR, 12-team redraft",2026-09-28,2026-08-29,2026-09-28,2026-09-24
Zay Flowers,BAL,WR,36.1,40.1,44.0,40.06666666666667,3,7.899999999999999,3.9501054838236063,"MyFantasyLeague recent PPR, 12-team redraft",2026-09-28,2026-08-29,2026-09-28,2026-09-24
Tee Higgins,CIN,WR,33.5,39.8,49.0,40.766666666666666,3,15.5,7.795083920865339,"MyFantasyLeague recent PPR, 12-team redraft",2026-09-28,2026-08-29,2026-09-28,2026-09-24
Cam Skattebo,NYG,RB,42.0,35.3,45.29,40.86333333333334,3,9.990000000000002,5.0910738880253295,"MyFantasyLeague recent PPR, 12-team redraft",2026-09-28,2026-08-29,2026-09-28,2026-09-24
Ladd McConkey,LAC,WR,45.2,35.6,44.94,41.913333333333334,3,9.600000000000001,5.469052324976725,"MyFantasyLeague recent PPR, 12-team redraft",2026-09-28,2026-08-29,2026-09-28,2026-09-24
Emeka Egbuka,TB,WR,44.3,42.8,40.53,42.54333333333333,3,3.769999999999996,1.8980604135098875,"MyFantasyLeague recent PPR, 12-team redraft",2026-09-28,2026-08-29,2026-09-28,2026-09-24
Joe Burrow,CIN,QB,49.4,53.7,27.24,43.446666666666665,3,26.460000000000004,14.199103258069975,"MyFantasyLeague recent PPR, 12-team redraft",2026-09-28,2026-08-29,2026-09-28,2026-09-24
Tetairoa McMillan,CAR,WR,41.7,38.4,51.88,43.99333333333333,3,13.480000000000004,7.0265306754708865,"MyFantasyLeague recent PPR, 12-team redraft",2026-09-28,2026-08-29,2026-09-28,2026-09-24
Colston Loveland,CHI,TE,39.6,43.6,49.0,44.06666666666666,3,9.399999999999999,4.71734388542253,"MyFantasyLeague recent PPR, 12-team redraft",2026-09-28,2026-08-29,2026-09-28,2026-09-24
D'Andre Swift,CHI,RB,47.1,44.8,45.65,45.85,3,2.3000000000000043,1.1629703349613028,"MyFantasyLeague recent PPR, 12-team redraft",2026-09-28,2026-08-29,2026-09-28,2026-09-24
Drake Maye,NE,QB,47.4,52.0,39.12,46.17333333333334,3,12.880000000000003,6.527030973829782,"MyFantasyLeague recent PPR, 12-team redraft",2026-09-28,2026-08-29,2026-09-28,2026-09-24
Jaylen Waddle,DEN,WR,41.4,44.3,53.29,46.32999999999999,3,11.89,6.199491914665265,"MyFantasyLeague recent PPR, 12-team redraft",2026-09-28,2026-08-29,2026-09-28,2026-09-24
Garrett Wilson,NYJ,WR,49.2,46.5,48.94,48.21333333333333,3,2.700000000000003,1.4894741801499396,"MyFantasyLeague recent PPR, 12-team redraft",2026-09-28,2026-08-29,2026-09-28,2026-09-24
D.J. Moore,BUF,WR,,,48.41,48.41,1,,,"MyFantasyLeague recent PPR, 12-team redraft",2026-09-28,2026-08-29,2026-09-28,2026-09-24
David Montgomery,HOU,RB,52.4,41.1,55.76,49.75333333333333,3,14.659999999999997,7.680008680550648,"MyFantasyLeague recent PPR, 12-team redraft",2026-09-28,2026-08-29,2026-09-28,2026-09-24
Quinshon Judkins,CLE,RB,53.1,48.0,55.19,52.096666666666664,3,7.189999999999998,3.6985177211057576,"MyFantasyLeague recent PPR, 12-team redraft",2026-09-28,2026-08-29,2026-09-28,2026-09-24
Bucky Irving,TB,RB,55.4,47.5,53.5,52.13333333333333,3,7.899999999999999,4.123509831846328,"MyFantasyLeague recent PPR, 12-team redraft",2026-09-28,2026-08-29,2026-09-28,2026-09-24
Jadarian Price,SEA,RB,65.4,51.6,44.56,53.85333333333333,3,20.840000000000003,10.601157169542077,"MyFantasyLeague recent PPR, 12-team redraft",2026-09-28,2026-08-29,2026-09-28,2026-09-24
Tyler Warren,IND,TE,47.2,50.8,64.88,54.29333333333333,3,17.679999999999993,9.343347009146845,"MyFantasyLeague recent PPR, 12-team redraft",2026-09-28,2026-08-29,2026-09-28,2026-09-24
Davante Adams,LAR,WR,54.5,53.9,57.53,55.31,3,3.6300000000000026,1.945841720181784,"MyFantasyLeague recent PPR, 12-team redraft",2026-09-28,2026-08-29,2026-09-28,2026-09-24
DJ Moore,BUF,WR,61.3,49.7,,55.5,2,11.599999999999994,8.202438661763948,"MyFantasyLeague recent PPR, 12-team redraft",2026-09-28,2026-08-29,2026-09-28,2026-09-24
Jalen Hurts,PHI,QB,57.0,61.4,48.59,55.663333333333334,3,12.809999999999995,6.5087658840469365,"MyFantasyLeague recent PPR, 12-team redraft",2026-09-28,2026-08-29,2026-09-28,2026-09-24
Terry McLaurin,WAS,WR,54.0,55.7,60.06,56.586666666666666,3,6.060000000000002,3.125785234678374,"MyFantasyLeague recent PPR, 12-team redraft",2026-09-28,2026-08-29,2026-09-28,2026-09-24
Bhayshul Tuten,JAX,RB,62.6,58.6,59.53,60.24333333333334,3,4.0,2.0932351357010357,"MyFantasyLeague recent PPR, 12-team redraft",2026-09-28,2026-08-29,2026-09-28,2026-09-24
Jayden Daniels,WAS,QB,54.2,71.6,55.76,60.52,3,17.39999999999999,9.627211434262776,"MyFantasyLeague recent PPR, 12-team redraft",2026-09-28,2026-08-29,2026-09-28,2026-09-24
Josh Jacobs,GB,RB,34.0,56.7,92.06,60.919999999999995,3,58.06,29.259138743305485,"MyFantasyLeague recent PPR, 12-team redraft",2026-09-28,2026-08-29,2026-09-28,2026-09-24
Jameson Williams,DET,WR,65.8,57.6,61.69,61.696666666666665,3,8.199999999999996,4.100004065038633,"MyFantasyLeague recent PPR, 12-team redraft",2026-09-28,2026-08-29,2026-09-28,2026-09-24
Luther Burden,CHI,WR,58.7,60.8,68.41,62.63666666666666,3,9.709999999999994,5.108917041148086,"MyFantasyLeague recent PPR, 12-team redraft",2026-09-28,2026-08-29,2026-09-28,2026-09-24
Caleb Williams,CHI,QB,67.7,74.1,53.24,65.01333333333334,3,20.859999999999992,10.68637138290324,"MyFantasyLeague recent PPR, 12-team redraft",2026-09-28,2026-08-29,2026-09-28,2026-09-24
Mike Evans,SF,WR,67.6,62.6,70.53,66.91,3,7.93,4.009775554816004,"MyFantasyLeague recent PPR, 12-team redraft",2026-09-28,2026-08-29,2026-09-28,2026-09-24
Rome Odunze,CHI,WR,67.2,64.6,72.12,67.97333333333334,3,7.52000000000001,3.8191796675900664,"MyFantasyLeague recent PPR, 12-team redraft",2026-09-28,2026-08-29,2026-09-28,2026-09-24
Justin Herbert,LAC,QB,70.1,79.8,54.88,68.25999999999999,3,24.919999999999995,12.561480804427475,"MyFantasyLeague recent PPR, 12-team redraft",2026-09-28,2026-08-29,2026-09-28,2026-09-24
Rhamondre Stevenson,NE,RB,79.5,69.2,56.12,68.27333333333333,3,23.380000000000003,11.717513957035997,"MyFantasyLeague recent PPR, 12-team redraft",2026-09-28,2026-08-29,2026-09-28,2026-09-24
Christian Watson,GB,WR,67.7,65.6,73.12,68.80666666666667,3,7.52000000000001,3.8802233612684423,"MyFantasyLeague recent PPR, 12-team redraft",2026-09-28,2026-08-29,2026-09-28,2026-09-24
Dak Prescott,DAL,QB,74.0,86.7,51.53,70.74333333333333,3,35.17,17.809734229722054,"MyFantasyLeague recent PPR, 12-team redraft",2026-09-28,2026-08-29,2026-09-28,2026-09-24
TreVeyon Henderson,NE,RB,63.9,59.3,92.19,71.79666666666667,3,32.89,17.810278867365703,"MyFantasyLeague recent PPR, 12-team redraft",2026-09-28,2026-08-29,2026-09-28,2026-09-24
Parker Washington,JAX,WR,80.9,68.0,68.24,72.38,3,12.900000000000006,7.379512178999373,"MyFantasyLeague recent PPR, 12-team redraft",2026-09-28,2026-08-29,2026-09-28,2026-09-24
Tucker Kraft,GB,TE,60.8,66.5,91.06,72.78666666666668,3,30.260000000000005,16.079755387857535,"MyFantasyLeague recent PPR, 12-team redraft",2026-09-28,2026-08-29,2026-09-28,2026-09-24
Jaylen Warren,PIT,RB,76.7,67.3,75.12,73.04,3,9.400000000000006,5.033368653297713,"MyFantasyLeague recent PPR, 12-team redraft",2026-09-28,2026-08-29,2026-09-28,2026-09-24
Sam LaPorta,DET,TE,63.2,62.3,99.94,75.14666666666666,3,37.64,21.47637151227677,"MyFantasyLeague recent PPR, 12-team redraft",2026-09-28,2026-08-29,2026-09-28,2026-09-24
Kyle Pitts,ATL,TE,72.7,71.6,86.33,76.87666666666667,3,14.730000000000004,8.20528081989479,"MyFantasyLeague recent PPR, 12-team redraft",2026-09-28,2026-08-29,2026-09-28,2026-09-24
Carnell Tate,TEN,WR,80.3,70.2,86.94,79.14666666666666,3,16.739999999999995,8.429385110038174,"MyFantasyLeague recent PPR, 12-team redraft",2026-09-28,2026-08-29,2026-09-28,2026-09-24
Marvin Harrison,ARI,WR,78.5,73.3,86.5,79.43333333333334,3,13.200000000000003,6.649310741222232,"MyFantasyLeague recent PPR, 12-team redraft",2026-09-28,2026-08-29,2026-09-28,2026-09-24
DK Metcalf,PIT,WR,86.1,78.4,78.5,81.0,3,7.699999999999989,4.41701256507155,"MyFantasyLeague recent PPR, 12-team redraft",2026-09-28,2026-08-29,2026-09-28,2026-09-24
Brian Thomas,JAX,WR,84.0,75.1,84.88,81.32666666666667,3,9.780000000000001,5.410372753640303,"MyFantasyLeague recent PPR, 12-team redraft",2026-09-28,2026-08-29,2026-09-28,2026-09-24
Trevor Lawrence,JAX,QB,84.5,97.1,65.5,82.36666666666666,3,31.599999999999994,15.90765015121131,"MyFantasyLeague recent PPR, 12-team redraft",2026-09-28,2026-08-29,2026-09-28,2026-09-24
Harold Fannin,CLE,TE,71.4,77.7,98.62,82.57333333333334,3,27.22,14.249355540982663,"MyFantasyLeague recent PPR, 12-team redraft",2026-09-28,2026-08-29,2026-09-28,2026-09-24
Chuba Hubbard,CAR,RB,86.1,80.7,82.65,83.15,3,5.3999999999999915,2.7345017827750584,"MyFantasyLeague recent PPR, 12-team redraft",2026-09-28,2026-08-29,2026-09-28,2026-09-24
Tony Pollard,TEN,RB,85.5,76.7,90.24,84.14666666666666,3,13.539999999999992,6.870701080190673,"MyFantasyLeague recent PPR, 12-team redraft",2026-09-28,2026-08-29,2026-09-28,2026-09-24
Matthew Stafford,LAR,QB,100.5,105.6,51.76,85.95333333333333,3,53.839999999999996,29.72188643631715,"MyFantasyLeague recent PPR, 12-team redraft",2026-09-28,2026-08-29,2026-09-28,2026-09-24
George Kittle,SF,TE,85.8,83.6,91.38,86.92666666666666,3,7.780000000000001,4.010502877861246,"MyFantasyLeague recent PPR, 12-team redraft",2026-09-28,2026-08-29,2026-09-28,2026-09-24
Rico Dowdle,PIT,RB,86.9,80.9,98.24,88.68,3,17.33999999999999,8.805975244116912,"MyFantasyLeague recent PPR, 12-team redraft",2026-09-28,2026-08-29,2026-09-28,2026-09-24
Courtland Sutton,DEN,WR,103.7,82.6,84.41,90.23666666666668,3,21.10000000000001,11.694658324779455,"MyFantasyLeague recent PPR, 12-team redraft",2026-09-28,2026-08-29,2026-09-28,2026-09-24
Michael Wilson,ARI,WR,102.2,89.5,85.94,92.54666666666667,3,16.260000000000005,8.547428463188995,"MyFantasyLeague recent PPR, 12-team redraft",2026-09-28,2026-08-29,2026-09-28,2026-09-24
J.K. Dobbins,DEN,RB,96.0,84.8,97.56,92.78666666666668,3,12.760000000000005,6.960498066470055,"MyFantasyLeague recent PPR, 12-team redraft",2026-09-28,2026-08-29,2026-09-28,2026-09-24
Chris Godwin,TB,WR,97.3,88.7,92.88,92.96,3,8.599999999999994,4.300558103316356,"MyFantasyLeague recent PPR, 12-team redraft",2026-09-28,2026-08-29,2026-09-28,2026-09-24
Jonathon Brooks,CAR,RB,95.5,87.4,99.56,94.15333333333335,3,12.159999999999997,6.190842699773054,"MyFantasyLeague recent PPR, 12-team redraft",2026-09-28,2026-08-29,2026-09-28,2026-09-24
Alec Pierce,IND,WR,93.6,92.7,99.94,95.41333333333334,3,7.239999999999995,3.945951511781832,"MyFantasyLeague recent PPR, 12-team redraft",2026-09-28,2026-08-29,2026-09-28,2026-09-24
RJ Harvey,DEN,RB,104.9,85.3,100.53,96.91000000000001,3,19.60000000000001,10.28923223569184,"MyFantasyLeague recent PPR, 12-team redraft",2026-09-28,2026-08-29,2026-09-28,2026-09-24
Travis Kelce,KC,TE,94.1,96.1,107.0,99.06666666666666,3,12.900000000000006,6.942862041934391,"MyFantasyLeague recent PPR, 12-team redraft",2026-09-28,2026-08-29,2026-09-28,2026-09-24
Patrick Mahomes,KC,QB,100.7,116.8,82.94,100.14666666666666,3,33.86,16.936780489022503,"MyFantasyLeague recent PPR, 12-team redraft",2026-09-28,2026-08-29,2026-09-28,2026-09-24
Jaxson Dart,NYG,QB,89.1,111.2,101.0,100.43333333333334,3,22.10000000000001,11.060892067701113,"MyFantasyLeague recent PPR, 12-team redraft",2026-09-28,2026-08-29,2026-09-28,2026-09-24
Bo Nix,DEN,QB,99.6,119.4,85.18,101.39333333333333,3,34.22,17.1803414789501,"MyFantasyLeague recent PPR, 12-team redraft",2026-09-28,2026-08-29,2026-09-28,2026-09-24
Blake Corum,LAR,RB,99.5,93.1,113.38,101.99333333333334,3,20.28,10.367359033685162,"MyFantasyLeague recent PPR, 12-team redraft",2026-09-28,2026-08-29,2026-09-28,2026-09-24
Brock Purdy,SF,QB,98.4,128.6,83.94,103.64666666666666,3,44.66,22.787596041121432,"MyFantasyLeague recent PPR, 12-team redraft",2026-09-28,2026-08-29,2026-09-28,2026-09-24
Jordan Mason,MIN,RB,114.9,91.9,108.94,105.24666666666667,3,23.0,11.936520989523425,"MyFantasyLeague recent PPR, 12-team redraft",2026-09-28,2026-08-29,2026-09-28,2026-09-24
Jacory Croskey-Merritt,WAS,RB,109.5,100.0,106.41,105.30333333333333,3,9.5,4.84572320023888,"MyFantasyLeague recent PPR, 12-team redraft",2026-09-28,2026-08-29,2026-09-28,2026-09-24
Kyle Monangai,CHI,RB,105.4,98.5,115.06,106.32000000000001,3,16.560000000000002,8.318245007211559,"MyFantasyLeague recent PPR, 12-team redraft",2026-09-28,2026-08-29,2026-09-28,2026-09-24
Dallas Goedert,PHI,TE,106.1,127.3,90.81,108.07,3,36.489999999999995,18.324592764915675,"MyFantasyLeague recent PPR, 12-team redraft",2026-09-28,2026-08-29,2026-09-28,2026-09-24
Quentin Johnston,LAC,WR,110.4,103.2,110.71,108.10333333333334,3,7.509999999999991,4.249239147580814,"MyFantasyLeague recent PPR, 12-team redraft",2026-09-28,2026-08-29,2026-09-28,2026-09-24
Isaiah Likely,NYG,TE,109.3,107.0,110.64,108.98,3,3.6400000000000006,1.8409780009549273,"MyFantasyLeague recent PPR, 12-team redraft",2026-09-28,2026-08-29,2026-09-28,2026-09-24
Jared Goff,DET,QB,114.5,142.6,71.18,109.42666666666668,3,71.41999999999999,35.979273663226344,"MyFantasyLeague recent PPR, 12-team redraft",2026-09-28,2026-08-29,2026-09-28,2026-09-24
Dalton Kincaid,BUF,TE,98.8,94.7,138.08,110.52666666666669,3,43.38000000000001,23.94978357591846,"MyFantasyLeague recent PPR, 12-team redraft",2026-09-28,2026-08-29,2026-09-28,2026-09-24
Michael Pittman,PIT,WR,120.0,107.6,104.0,110.53333333333335,3,16.0,8.393648392286476,"MyFantasyLeague recent PPR, 12-team redraft",2026-09-28,2026-08-29,2026-09-28,2026-09-24
Jordan Addison,MIN,WR,116.7,102.1,113.71,110.83666666666666,3,14.600000000000009,7.7124596163178305,"MyFantasyLeague recent PPR, 12-team redraft",2026-09-28,2026-08-29,2026-09-28,2026-09-24
Makai Lemon,PHI,WR,113.4,89.2,131.85,111.48333333333335,3,42.64999999999999,21.389502877190324,"MyFantasyLeague recent PPR, 12-team redraft",2026-09-28,2026-08-29,2026-09-28,2026-09-24
Kenneth Gainwell,TB,RB,,,111.53,111.53,1,,,"MyFantasyLeague recent PPR, 12-team redraft",2026-09-28,2026-08-29,2026-09-28,2026-09-24
Jayden Reed,GB,WR,118.6,98.3,119.92,112.27333333333333,3,21.620000000000005,12.119246401213788,"MyFantasyLeague recent PPR, 12-team redraft",2026-09-28,2026-08-29,2026-09-28,2026-09-24
Kenny Gainwell,TB,RB,118.5,106.3,,112.4,2,12.200000000000003,8.626702730475882,"MyFantasyLeague recent PPR, 12-team redraft",2026-09-28,2026-08-29,2026-09-28,2026-09-24
MarShawn Lloyd,GB,RB,129.5,101.8,106.94,112.74666666666667,3,27.700000000000003,14.734671130817048,"MyFantasyLeague recent PPR, 12-team redraft",2026-09-28,2026-08-29,2026-09-28,2026-09-24
Josh Downs,IND,WR,108.7,114.6,119.62,114.30666666666667,3,10.920000000000002,5.465906451205814,"MyFantasyLeague recent PPR, 12-team redraft",2026-09-28,2026-08-29,2026-09-28,2026-09-24
Stefon Diggs,WAS,WR,106.2,109.9,127.0,114.36666666666667,3,20.799999999999997,11.096095409347077,"MyFantasyLeague recent PPR, 12-team redraft",2026-09-28,2026-08-29,2026-09-28,2026-09-24
De'Zhaun Stribling,SF,WR,111.2,112.3,120.77,114.75666666666666,3,9.569999999999993,5.236662423083362,"MyFantasyLeague recent PPR, 12-team redraft",2026-09-28,2026-08-29,2026-09-28,2026-09-24
Jake Ferguson,DAL,TE,116.0,117.0,120.5,117.83333333333333,3,4.5,2.3629078131263044,"MyFantasyLeague recent PPR, 12-team redraft",2026-09-28,2026-08-29,2026-09-28,2026-09-24
Aaron Jones,MIN,RB,123.4,115.3,118.14,118.94666666666666,3,8.100000000000009,4.109809403528754,"MyFantasyLeague recent PPR, 12-team redraft",2026-09-28,2026-08-29,2026-09-28,2026-09-24
Matthew Golden,GB,WR,127.6,118.7,118.0,121.43333333333334,3,9.599999999999994,5.351946686331366,"MyFantasyLeague recent PPR, 12-team redraft",2026-09-28,2026-08-29,2026-09-28,2026-09-24
Mark Andrews,BAL,TE,113.4,123.0,129.2,121.86666666666667,3,15.799999999999983,7.96073698430825,"MyFantasyLeague recent PPR, 12-team redraft",2026-09-28,2026-08-29,2026-09-28,2026-09-24
Kyler Murray,MIN,QB,112.1,150.9,103.5,122.16666666666667,3,47.400000000000006,25.252590626178012,"MyFantasyLeague recent PPR, 12-team redraft",2026-09-28,2026-08-29,2026-09-28,2026-09-24
Wan'Dale Robinson,TEN,WR,130.8,122.0,118.0,123.60000000000001,3,12.800000000000011,6.548282217497966,"MyFantasyLeague recent PPR, 12-team redraft",2026-09-28,2026-08-29,2026-09-28,2026-09-24
KC Concepcion,CLE,WR,126.7,110.2,138.36,125.08666666666666,3,28.16000000000001,14.149153095974809,"MyFantasyLeague recent PPR, 12-team redraft",2026-09-28,2026-08-29,2026-09-28,2026-09-24
Jordyn Tyson,NO,WR,95.8,121.2,167.67,128.22333333333333,3,71.86999999999999,36.4461195922602,"MyFantasyLeague recent PPR, 12-team redraft",2026-09-28,2026-08-29,2026-09-28,2026-09-24
Xavier Worthy,KC,WR,129.0,129.2,128.76,128.98666666666665,3,0.4399999999999977,0.22030282189144326,"MyFantasyLeague recent PPR, 12-team redraft",2026-09-28,2026-08-29,2026-09-28,2026-09-24
Rachaad White,WAS,RB,122.8,125.2,140.15,129.38333333333333,3,17.35000000000001,9.401108090716402,"MyFantasyLeague recent PPR, 12-team redraft",2026-09-28,2026-08-29,2026-09-28,2026-09-24
Baker Mayfield,TB,QB,126.3,163.4,103.19,130.96333333333334,3,60.21000000000001,30.374677501717343,"MyFantasyLeague recent PPR, 12-team redraft",2026-09-28,2026-08-29,2026-09-28,2026-09-24
Jordan Love,GB,QB,124.1,164.0,108.33,132.14333333333335,3,55.67,28.69335521219736,"MyFantasyLeague recent PPR, 12-team redraft",2026-09-28,2026-08-29,2026-09-28,2026-09-24
Chris Rodriguez,JAX,RB,131.8,125.1,141.0,132.63333333333333,3,15.900000000000006,7.982689605222877,"MyFantasyLeague recent PPR, 12-team redraft",2026-09-28,2026-08-29,2026-09-28,2026-09-24
Woody Marks,HOU,RB,131.0,134.1,133.71,132.9366666666667,3,3.0999999999999943,1.6885003207975215,"MyFantasyLeague recent PPR, 12-team redraft",2026-09-28,2026-08-29,2026-09-28,2026-09-24
Tyler Allgeier,ARI,RB,129.9,131.8,140.58,134.09333333333336,3,10.680000000000007,5.69737951459558,"MyFantasyLeague recent PPR, 12-team redraft",2026-09-28,2026-08-29,2026-09-28,2026-09-24
Deebo Samuel,SF,WR,127.4,133.0,142.73,134.37666666666667,3,15.329999999999984,7.757166578934167,"MyFantasyLeague recent PPR, 12-team redraft",2026-09-28,2026-08-29,2026-09-28,2026-09-24
Mike Washington,LV,RB,122.6,124.2,157.67,134.82333333333335,3,35.06999999999999,19.801960340666604,"MyFantasyLeague recent PPR, 12-team redraft",2026-09-28,2026-08-29,2026-09-28,2026-09-24
Khalil Shakir,BUF,WR,131.3,151.0,127.57,136.62333333333333,3,23.430000000000007,12.589465172648652,"MyFantasyLeague recent PPR, 12-team redraft",2026-09-28,2026-08-29,2026-09-28,2026-09-24
Zach Charbonnet,SEA,RB,129.8,143.6,144.77,139.39,3,14.969999999999999,8.32576122645851,"MyFantasyLeague recent PPR, 12-team redraft",2026-09-28,2026-08-29,2026-09-28,2026-09-24
Jakobi Meyers,JAX,WR,129.4,135.0,154.0,139.46666666666667,3,24.599999999999994,12.893926218702093,"MyFantasyLeague recent PPR, 12-team redraft",2026-09-28,2026-08-29,2026-09-28,2026-09-24
Juwan Johnson,NO,TE,126.5,161.6,130.45,139.51666666666668,3,35.099999999999994,19.226435793805706,"MyFantasyLeague recent PPR, 12-team redraft",2026-09-28,2026-08-29,2026-09-28,2026-09-24
Hunter Henry,NE,TE,127.7,148.8,144.33,140.27666666666667,3,21.10000000000001,11.118661490185472,"MyFantasyLeague recent PPR, 12-team redraft",2026-09-28,2026-08-29,2026-09-28,2026-09-24
Travis Hunter,JAX,WR,126.3,,156.57,141.435,2,30.269999999999996,21.40412226651679,"MyFantasyLeague recent PPR, 12-team redraft",2026-09-28,2026-08-29,2026-09-28,2026-09-24
Tyler Shough,NO,QB,130.1,181.1,113.8,141.66666666666666,3,67.3,35.109305509128674,"MyFantasyLeague recent PPR, 12-team redraft",2026-09-28,2026-08-29,2026-09-28,2026-09-24
Romeo Doubs,NE,WR,131.9,130.2,165.09,142.39666666666668,3,34.890000000000015,19.671375989831862,"MyFantasyLeague recent PPR, 12-team redraft",2026-09-28,2026-08-29,2026-09-28,2026-09-24
Jonah Coleman,DEN,RB,129.9,146.6,152.18,142.89333333333335,3,22.28,11.59327966251713,"MyFantasyLeague recent PPR, 12-team redraft",2026-09-28,2026-08-29,2026-09-28,2026-09-24
Jalen Coker,CAR,WR,133.1,144.0,156.0,144.36666666666667,3,22.900000000000006,11.454402356008515,"MyFantasyLeague recent PPR, 12-team redraft",2026-09-28,2026-08-29,2026-09-28,2026-09-24
Sam Darnold,SEA,QB,122.8,176.6,134.44,144.61333333333332,3,53.8,28.30605117873797,"MyFantasyLeague recent PPR, 12-team redraft",2026-09-28,2026-08-29,2026-09-28,2026-09-24
Rashid Shaheed,SEA,WR,128.4,149.3,158.62,145.44000000000003,3,30.22,15.475361062023723,"MyFantasyLeague recent PPR, 12-team redraft",2026-09-28,2026-08-29,2026-09-28,2026-09-24
Malik Willis,MIA,QB,124.9,200.3,113.0,146.0666666666667,3,87.30000000000001,47.34282768628564,"MyFantasyLeague recent PPR, 12-team redraft",2026-09-28,2026-08-29,2026-09-28,2026-09-24
Tyjae Spears,TEN,RB,133.1,168.6,140.71,147.47,3,35.5,18.690524337214296,"MyFantasyLeague recent PPR, 12-team redraft",2026-09-28,2026-08-29,2026-09-28,2026-09-24
C.J. Stroud,HOU,QB,125.4,204.5,117.08,148.9933333333333,3,87.42,48.24985112239553,"MyFantasyLeague recent PPR, 12-team redraft",2026-09-28,2026-08-29,2026-09-28,2026-09-24
Tyrone Tracy,NYG,RB,130.9,152.7,163.75,149.11666666666667,3,32.849999999999994,16.715586538716888,"MyFantasyLeague recent PPR, 12-team redraft",2026-09-28,2026-08-29,2026-09-28,2026-09-24
Jalen Nailor,LV,WR,130.0,170.1,,150.05,2,40.099999999999994,28.354981925580553,"MyFantasyLeague recent PPR, 12-team redraft",2026-09-28,2026-08-29,2026-09-28,2026-09-24
Ja'Kobi Lane,BAL,WR,126.3,147.1,180.0,151.13333333333333,3,53.7,27.076250355862303,"MyFantasyLeague recent PPR, 12-team redraft",2026-09-28,2026-08-29,2026-09-28,2026-09-24
T.J. Hockenson,MIN,TE,129.1,178.1,147.29,151.49666666666667,3,49.0,24.76937692662723,"MyFantasyLeague recent PPR, 12-team redraft",2026-09-28,2026-08-29,2026-09-28,2026-09-24
Tank Bigsby,PHI,RB,130.4,152.9,173.67,152.32333333333335,3,43.26999999999998,21.64076323361385,"MyFantasyLeague recent PPR, 12-team redraft",2026-09-28,2026-08-29,2026-09-28,2026-09-24
Oronde Gadsden,LAC,TE,126.6,179.4,,153.0,2,52.80000000000001,37.335238046649714,"MyFantasyLeague recent PPR, 12-team redraft",2026-09-28,2026-08-29,2026-09-28,2026-09-24
Alvin Kamara,NO,RB,126.1,166.2,168.22,153.50666666666666,3,42.120000000000005,23.756349326723864,"MyFantasyLeague recent PPR, 12-team redraft",2026-09-28,2026-08-29,2026-09-28,2026-09-24
Kaelon Black,SF,RB,130.8,161.5,168.38,153.56,3,37.579999999999984,20.008668121591693,"MyFantasyLeague recent PPR, 12-team redraft",2026-09-28,2026-08-29,2026-09-28,2026-09-24
Brenton Strange,JAX,TE,129.0,165.8,169.43,154.74333333333334,3,40.43000000000001,22.368138799044804,"MyFantasyLeague recent PPR, 12-team redraft",2026-09-28,2026-08-29,2026-09-28,2026-09-24
Keaton Mitchell,LAC,RB,131.8,167.0,166.25,155.01666666666668,3,35.19999999999999,20.10971987207512,"MyFantasyLeague recent PPR, 12-team redraft",2026-09-28,2026-08-29,2026-09-28,2026-09-24
Chigoziem Okonkwo,WAS,TE,,,155.5,155.5,1,,,"MyFantasyLeague recent PPR, 12-team redraft",2026-09-28,2026-08-29,2026-09-28,2026-09-24
Malik Washington,MIA,WR,,182.0,129.82,155.91,2,52.18000000000001,36.89683184231406,"MyFantasyLeague recent PPR, 12-team redraft",2026-09-28,2026-08-29,2026-09-28,2026-09-24
Brian Robinson,ATL,RB,121.3,170.7,175.86,155.95333333333335,3,54.56000000000002,30.12136340429054,"MyFantasyLeague recent PPR, 12-team redraft",2026-09-28,2026-08-29,2026-09-28,2026-09-24
Cam Ward,TEN,QB,124.7,228.1,116.0,156.26666666666668,3,112.1,62.361392971399646,"MyFantasyLeague recent PPR, 12-team redraft",2026-09-28,2026-08-29,2026-09-28,2026-09-24
Chig Okonkwo,WAS,TE,126.4,188.3,,157.35000000000002,2,61.900000000000006,43.769909755447294,"MyFantasyLeague recent PPR, 12-team redraft",2026-09-28,2026-08-29,2026-09-28,2026-09-24
Terrance Ferguson,LAR,TE,127.3,202.2,143.88,157.79333333333332,3,74.89999999999999,39.34066767777757,"MyFantasyLeague recent PPR, 12-team redraft",2026-09-28,2026-08-29,2026-09-28,2026-09-24
Fernando Mendoza,LV,QB,119.4,206.1,150.67,158.72333333333333,3,86.69999999999999,43.90745532746498,"MyFantasyLeague recent PPR, 12-team redraft",2026-09-28,2026-08-29,2026-09-28,2026-09-24
Kenyon Sadiq,NYJ,TE,130.0,187.5,,158.75,2,57.5,40.658639918226484,"MyFantasyLeague recent PPR, 12-team redraft",2026-09-28,2026-08-29,2026-09-28,2026-09-24
Aaron Rodgers,PIT,QB,116.8,235.5,124.0,158.76666666666668,3,118.7,66.55045704826777,"MyFantasyLeague recent PPR, 12-team redraft",2026-09-28,2026-08-29,2026-09-28,2026-09-24
Keenan Allen,IND,WR,125.7,184.4,167.17,159.09,3,58.7,30.172625010098145,"MyFantasyLeague recent PPR, 12-team redraft",2026-09-28,2026-08-29,2026-09-28,2026-09-24
Daniel Jones,IND,QB,127.0,219.5,133.9,160.13333333333333,3,92.5,51.52866516157132,"MyFantasyLeague recent PPR, 12-team redraft",2026-09-28,2026-08-29,2026-09-28,2026-09-24
Emmett Johnson,KC,RB,127.4,177.2,175.83,160.14333333333335,3,49.79999999999998,28.364830923757207,"MyFantasyLeague recent PPR, 12-team redraft",2026-09-28,2026-08-29,2026-09-28,2026-09-24
Denzel Boston,CLE,WR,131.7,169.5,185.0,162.06666666666666,3,53.30000000000001,27.416479229349154,"MyFantasyLeague recent PPR, 12-team redraft",2026-09-28,2026-08-29,2026-09-28,2026-09-24
Bryce Young,CAR,QB,121.7,234.6,132.83,163.04333333333332,3,112.89999999999999,62.219262558578535,"MyFantasyLeague recent PPR, 12-team redraft",2026-09-28,2026-08-29,2026-09-28,2026-09-24
Cooper Kupp,SEA,WR,120.5,208.6,,164.55,2,88.1,62.29610742253483,"MyFantasyLeague recent PPR, 12-team redraft",2026-09-28,2026-08-29,2026-09-28,2026-09-24
Tre Tucker,LV,WR,,185.0,146.75,165.875,2,38.25,27.046834380385445,"MyFantasyLeague recent PPR, 12-team redraft",2026-09-28,2026-08-29,2026-09-28,2026-09-24
Isiah Pacheco,DET,RB,126.3,194.9,177.67,166.29,3,68.60000000000001,35.68778922825005,"MyFantasyLeague recent PPR, 12-team redraft",2026-09-28,2026-08-29,2026-09-28,2026-09-24
AJ Barner,SEA,TE,125.9,210.6,,168.25,2,84.69999999999999,59.89194436650057,"MyFantasyLeague recent PPR, 12-team redraft",2026-09-28,2026-08-29,2026-09-28,2026-09-24
Dalton Schultz,HOU,TE,127.6,205.7,180.8,171.36666666666665,3,78.1,39.89540491501914,"MyFantasyLeague recent PPR, 12-team redraft",2026-09-28,2026-08-29,2026-09-28,2026-09-24
David Njoku,LAC,TE,124.7,221.5,,173.1,2,96.8,68.4479364188578,"MyFantasyLeague recent PPR, 12-team redraft",2026-09-28,2026-08-29,2026-09-28,2026-09-24
Jalen McMillan,TB,WR,129.2,212.1,178.33,173.21,3,82.9,41.68648821860628,"MyFantasyLeague recent PPR, 12-team redraft",2026-09-28,2026-08-29,2026-09-28,2026-09-24
Kayshon Boutte,HOU,WR,,175.3,171.33,173.315,2,3.969999999999999,2.8072139213105927,"MyFantasyLeague recent PPR, 12-team redraft",2026-09-28,2026-08-29,2026-09-28,2026-09-24
Jayden Higgins,HOU,WR,133.1,217.5,,175.3,2,84.4,59.679812332144614,"MyFantasyLeague recent PPR, 12-team redraft",2026-09-28,2026-08-29,2026-09-28,2026-09-24
Greg Dulcich,MIA,TE,132.0,242.8,152.0,175.6,3,110.80000000000001,59.049809483181235,"MyFantasyLeague recent PPR, 12-team redraft",2026-09-28,2026-08-29,2026-09-28,2026-09-24
Braelon Allen,NYJ,RB,,188.4,162.83,175.615,2,25.569999999999993,18.080720394940016,"MyFantasyLeague recent PPR, 12-team redraft",2026-09-28,2026-08-29,2026-09-28,2026-09-24
Pat Freiermuth,PIT,TE,124.4,230.3,,177.35000000000002,2,105.9,74.88260812765539,"MyFantasyLeague recent PPR, 12-team redraft",2026-09-28,2026-08-29,2026-09-28,2026-09-24
James Conner,ARI,RB,125.6,229.2,,177.39999999999998,2,103.6,73.25626253092632,"MyFantasyLeague recent PPR, 12-team redraft",2026-09-28,2026-08-29,2026-09-28,2026-09-24
Isaac TeSlaa,DET,WR,125.3,229.5,,177.4,2,104.2,73.68052659963826,"MyFantasyLeague recent PPR, 12-team redraft",2026-09-28,2026-08-29,2026-09-28,2026-09-24
Jauan Jennings,MIN,WR,126.2,231.0,180.2,179.13333333333333,3,104.8,52.40814186110144,"MyFantasyLeague recent PPR, 12-team redraft",2026-09-28,2026-08-29,2026-09-28,2026-09-24
Cyrus Allen,KC,WR,,179.4,,179.4,1,,,"MyFantasyLeague recent PPR, 12-team redraft",2026-09-28,2026-08-29,2026-09-28,2026-09-24
Jaydon Blue,PHI,RB,126.2,233.1,,179.65,2,106.89999999999999,75.58971490884193,"MyFantasyLeague recent PPR, 12-team redraft",2026-09-28,2026-08-29,2026-09-28,2026-09-24
Dylan Sampson,CLE,RB,,192.2,170.8,181.5,2,21.399999999999977,15.132085117392101,"MyFantasyLeague recent PPR, 12-team redraft",2026-09-28,2026-08-29,2026-09-28,2026-09-24
Jacoby Brissett,ARI,QB,,251.2,119.17,185.185,2,132.02999999999997,93.35930832005987,"MyFantasyLeague recent PPR, 12-team redraft",2026-09-28,2026-08-29,2026-09-28,2026-09-24
Jerry Jeudy,CLE,WR,,214.9,159.4,187.15,2,55.5,39.244426355853385,"MyFantasyLeague recent PPR, 12-team redraft",2026-09-28,2026-08-29,2026-09-28,2026-09-24
Tank Dell,HOU,WR,,190.3,,190.3,1,,,"MyFantasyLeague recent PPR, 12-team redraft",2026-09-28,2026-08-29,2026-09-28,2026-09-24
Omar Cooper,NYJ,WR,,195.7,,195.7,1,,,"MyFantasyLeague recent PPR, 12-team redraft",2026-09-28,2026-08-29,2026-09-28,2026-09-24
Chris Bell,MIA,WR,,196.3,,196.3,1,,,"MyFantasyLeague recent PPR, 12-team redraft",2026-09-28,2026-08-29,2026-09-28,2026-09-24
Kaleb Johnson,GB,RB,,197.0,,197.0,1,,,"MyFantasyLeague recent PPR, 12-team redraft",2026-09-28,2026-08-29,2026-09-28,2026-09-24
Ray Davis,BUF,RB,,211.4,182.8,197.10000000000002,2,28.599999999999994,20.223253941935255,"MyFantasyLeague recent PPR, 12-team redraft",2026-09-28,2026-08-29,2026-09-28,2026-09-24
Malachi Fields,NYG,WR,,201.9,,201.9,1,,,"MyFantasyLeague recent PPR, 12-team redraft",2026-09-28,2026-08-29,2026-09-28,2026-09-24
Geno Smith,NYJ,QB,,257.0,148.2,202.6,2,108.80000000000001,76.93321779309638,"MyFantasyLeague recent PPR, 12-team redraft",2026-09-28,2026-08-29,2026-09-28,2026-09-24
Caleb Douglas,MIA,WR,,203.5,,203.5,1,,,"MyFantasyLeague recent PPR, 12-team redraft",2026-09-28,2026-08-29,2026-09-28,2026-09-24
Dontayvion Wicks,PHI,WR,,206.7,,206.7,1,,,"MyFantasyLeague recent PPR, 12-team redraft",2026-09-28,2026-08-29,2026-09-28,2026-09-24
Nicholas Singleton,TEN,RB,,213.2,,213.2,1,,,"MyFantasyLeague recent PPR, 12-team redraft",2026-09-28,2026-08-29,2026-09-28,2026-09-24
Jordan James,SF,RB,,221.9,,221.9,1,,,"MyFantasyLeague recent PPR, 12-team redraft",2026-09-28,2026-08-29,2026-09-28,2026-09-24
Pat Bryant,DEN,WR,,222.0,,222.0,1,,,"MyFantasyLeague recent PPR, 12-team redraft",2026-09-28,2026-08-29,2026-09-28,2026-09-24
Adonai Mitchell,NYJ,WR,,223.3,,223.3,1,,,"MyFantasyLeague recent PPR, 12-team redraft",2026-09-28,2026-08-29,2026-09-28,2026-09-24
Jaylen Wright,MIA,RB,,224.6,,224.6,1,,,"MyFantasyLeague recent PPR, 12-team redraft",2026-09-28,2026-08-29,2026-09-28,2026-09-24
Justice Hill,BAL,RB,,224.7,,224.7,1,,,"MyFantasyLeague recent PPR, 12-team redraft",2026-09-28,2026-08-29,2026-09-28,2026-09-24
Tyreek Hill,,WR,,227.5,,227.5,1,,,"MyFantasyLeague recent PPR, 12-team redraft",2026-09-28,2026-08-29,2026-09-28,2026-09-24
Zachariah Branch,ATL,WR,,228.1,,228.1,1,,,"MyFantasyLeague recent PPR, 12-team redraft",2026-09-28,2026-08-29,2026-09-28,2026-09-24
Tre' Harris,LAC,WR,,228.2,,228.2,1,,,"MyFantasyLeague recent PPR, 12-team redraft",2026-09-28,2026-08-29,2026-09-28,2026-09-24
Kimani Vidal,LAC,RB,,230.0,,230.0,1,,,"MyFantasyLeague recent PPR, 12-team redraft",2026-09-28,2026-08-29,2026-09-28,2026-09-24
Ryan Flournoy,DAL,WR,,231.7,,231.7,1,,,"MyFantasyLeague recent PPR, 12-team redraft",2026-09-28,2026-08-29,2026-09-28,2026-09-24
Tyron Billy-Johnson,,WR,,232.5,,232.5,1,,,"MyFantasyLeague recent PPR, 12-team redraft",2026-09-28,2026-08-29,2026-09-28,2026-09-24
DeAndre Carter,,WR,,233.5,,233.5,1,,,"MyFantasyLeague recent PPR, 12-team redraft",2026-09-28,2026-08-29,2026-09-28,2026-09-24
Kaytron Allen,WAS,RB,,233.6,,233.6,1,,,"MyFantasyLeague recent PPR, 12-team redraft",2026-09-28,2026-08-29,2026-09-28,2026-09-24
Ben VanSumeren,KC,RB,,234.0,,234.0,1,,,"MyFantasyLeague recent PPR, 12-team redraft",2026-09-28,2026-08-29,2026-09-28,2026-09-24
Austin Carr,,WR,,235.0,,235.0,1,,,"MyFantasyLeague recent PPR, 12-team redraft",2026-09-28,2026-08-29,2026-09-28,2026-09-24
Desmond Martin,,RB,,236.3,,236.3,1,,,"MyFantasyLeague recent PPR, 12-team redraft",2026-09-28,2026-08-29,2026-09-28,2026-09-24
Lucas Krull,DEN,TE,,237.0,,237.0,1,,,"MyFantasyLeague recent PPR, 12-team redraft",2026-09-28,2026-08-29,2026-09-28,2026-09-24
Antonio Williams,WAS,WR,,238.2,,238.2,1,,,"MyFantasyLeague recent PPR, 12-team redraft",2026-09-28,2026-08-29,2026-09-28,2026-09-24
Kennedy Brooks,,RB,,238.5,,238.5,1,,,"MyFantasyLeague recent PPR, 12-team redraft",2026-09-28,2026-08-29,2026-09-28,2026-09-24
Demetrius Wilson,,WR,,239.5,,239.5,1,,,"MyFantasyLeague recent PPR, 12-team redraft",2026-09-28,2026-08-29,2026-09-28,2026-09-24
Ted Hurst,TB,WR,,239.6,,239.6,1,,,"MyFantasyLeague recent PPR, 12-team redraft",2026-09-28,2026-08-29,2026-09-28,2026-09-24
Chase Litton,,QB,,240.5,,240.5,1,,,"MyFantasyLeague recent PPR, 12-team redraft",2026-09-28,2026-08-29,2026-09-28,2026-09-24
Germie Bernard,PIT,WR,,241.4,,241.4,1,,,"MyFantasyLeague recent PPR, 12-team redraft",2026-09-28,2026-08-29,2026-09-28,2026-09-24
Michael Herzog,,RB,,241.5,,241.5,1,,,"MyFantasyLeague recent PPR, 12-team redraft",2026-09-28,2026-08-29,2026-09-28,2026-09-24
Keon Coleman,BUF,WR,,242.2,,242.2,1,,,"MyFantasyLeague recent PPR, 12-team redraft",2026-09-28,2026-08-29,2026-09-28,2026-09-24
Garett Maag,,WR,,242.3,,242.3,1,,,"MyFantasyLeague recent PPR, 12-team redraft",2026-09-28,2026-08-29,2026-09-28,2026-09-24
Micah Bernard,,RB,,243.0,,243.0,1,,,"MyFantasyLeague recent PPR, 12-team redraft",2026-09-28,2026-08-29,2026-09-28,2026-09-24
Demond Claiborne,MIN,RB,,243.6,,243.6,1,,,"MyFantasyLeague recent PPR, 12-team redraft",2026-09-28,2026-08-29,2026-09-28,2026-09-24
Gunnar Helm,TEN,TE,,244.1,,244.1,1,,,"MyFantasyLeague recent PPR, 12-team redraft",2026-09-28,2026-08-29,2026-09-28,2026-09-24
Jacob Kibodi,,RB,,244.6,,244.6,1,,,"MyFantasyLeague recent PPR, 12-team redraft",2026-09-28,2026-08-29,2026-09-28,2026-09-24
Anthony Brown,,QB,,245.4,,245.4,1,,,"MyFantasyLeague recent PPR, 12-team redraft",2026-09-28,2026-08-29,2026-09-28,2026-09-24
Cade Otton,TB,TE,,246.0,,246.0,1,,,"MyFantasyLeague recent PPR, 12-team redraft",2026-09-28,2026-08-29,2026-09-28,2026-09-24
Jake Waters,,QB,,246.9,,246.9,1,,,"MyFantasyLeague recent PPR, 12-team redraft",2026-09-28,2026-08-29,2026-09-28,2026-09-24
Aeneas Dennis,,QB,,247.6,,247.6,1,,,"MyFantasyLeague recent PPR, 12-team redraft",2026-09-28,2026-08-29,2026-09-28,2026-09-24
Connor Bazelak,,QB,,248.3,,248.3,1,,,"MyFantasyLeague recent PPR, 12-team redraft",2026-09-28,2026-08-29,2026-09-28,2026-09-24
Eli Stowers,PHI,TE,,248.9,,248.9,1,,,"MyFantasyLeague recent PPR, 12-team redraft",2026-09-28,2026-08-29,2026-09-28,2026-09-24
Quincy Skinner,GB,WR,,249.0,,249.0,1,,,"MyFantasyLeague recent PPR, 12-team redraft",2026-09-28,2026-08-29,2026-09-28,2026-09-24
Sean Tucker,TB,RB,,249.2,,249.2,1,,,"MyFantasyLeague recent PPR, 12-team redraft",2026-09-28,2026-08-29,2026-09-28,2026-09-24
Calvin Ridley,TEN,WR,,250.7,,250.7,1,,,"MyFantasyLeague recent PPR, 12-team redraft",2026-09-28,2026-08-29,2026-09-28,2026-09-24
Dymere Miller,,WR,,251.5,,251.5,1,,,"MyFantasyLeague recent PPR, 12-team redraft",2026-09-28,2026-08-29,2026-09-28,2026-09-24
Scott Simonson,,TE,,252.0,,252.0,1,,,"MyFantasyLeague recent PPR, 12-team redraft",2026-09-28,2026-08-29,2026-09-28,2026-09-24
Jake Tonges,SF,TE,,253.0,,253.0,1,,,"MyFantasyLeague recent PPR, 12-team redraft",2026-09-28,2026-08-29,2026-09-28,2026-09-24
Rashard Higgins,,WR,,253.0,,253.0,1,,,"MyFantasyLeague recent PPR, 12-team redraft",2026-09-28,2026-08-29,2026-09-28,2026-09-24
Cam Serigne,,TE,,254.0,,254.0,1,,,"MyFantasyLeague recent PPR, 12-team redraft",2026-09-28,2026-08-29,2026-09-28,2026-09-24
Logan Kilgore,,QB,,254.0,,254.0,1,,,"MyFantasyLeague recent PPR, 12-team redraft",2026-09-28,2026-08-29,2026-09-28,2026-09-24
Bart Houston,,QB,,255.3,,255.3,1,,,"MyFantasyLeague recent PPR, 12-team redraft",2026-09-28,2026-08-29,2026-09-28,2026-09-24
Eli Wilson,,TE,,256.3,,256.3,1,,,"MyFantasyLeague recent PPR, 12-team redraft",2026-09-28,2026-08-29,2026-09-28,2026-09-24
Miles Kitselman,,TE,,257.0,,257.0,1,,,"MyFantasyLeague recent PPR, 12-team redraft",2026-09-28,2026-08-29,2026-09-28,2026-09-24
Monaray Baldwin,,WR,,257.0,,257.0,1,,,"MyFantasyLeague recent PPR, 12-team redraft",2026-09-28,2026-08-29,2026-09-28,2026-09-24
Qualan Jones,,RB,,258.3,,258.3,1,,,"MyFantasyLeague recent PPR, 12-team redraft",2026-09-28,2026-08-29,2026-09-28,2026-09-24
Tua Tagovailoa,ATL,QB,,258.4,,258.4,1,,,"MyFantasyLeague recent PPR, 12-team redraft",2026-09-28,2026-08-29,2026-09-28,2026-09-24
Jake Heaps,,QB,,259.0,,259.0,1,,,"MyFantasyLeague recent PPR, 12-team redraft",2026-09-28,2026-08-29,2026-09-28,2026-09-24
Jeremiah Haydel,,WR,,259.0,,259.0,1,,,"MyFantasyLeague recent PPR, 12-team redraft",2026-09-28,2026-08-29,2026-09-28,2026-09-24
KeeSean Johnson,,WR,,259.0,,259.0,1,,,"MyFantasyLeague recent PPR, 12-team redraft",2026-09-28,2026-08-29,2026-09-28,2026-09-24
Darnell Mooney,NYG,WR,,259.3,,259.3,1,,,"MyFantasyLeague recent PPR, 12-team redraft",2026-09-28,2026-08-29,2026-09-28,2026-09-24
Tory Horton,SEA,WR,,260.2,,260.2,1,,,"MyFantasyLeague recent PPR, 12-team redraft",2026-09-28,2026-08-29,2026-09-28,2026-09-24
Austin Proehl,,WR,,260.5,,260.5,1,,,"MyFantasyLeague recent PPR, 12-team redraft",2026-09-28,2026-08-29,2026-09-28,2026-09-24
Jalen Morton,IND,QB,,260.8,,260.8,1,,,"MyFantasyLeague recent PPR, 12-team redraft",2026-09-28,2026-08-29,2026-09-28,2026-09-24
Colby Parkinson,LAR,TE,,261.8,,261.8,1,,,"MyFantasyLeague recent PPR, 12-team redraft",2026-09-28,2026-08-29,2026-09-28,2026-09-24
Bryan Bennett,,QB,,262.1,,262.1,1,,,"MyFantasyLeague recent PPR, 12-team redraft",2026-09-28,2026-08-29,2026-09-28,2026-09-24
Theo Johnson,NYG,TE,,262.8,,262.8,1,,,"MyFantasyLeague recent PPR, 12-team redraft",2026-09-28,2026-08-29,2026-09-28,2026-09-24
Kole Taylor,,TE,,263.0,,263.0,1,,,"MyFantasyLeague recent PPR, 12-team redraft",2026-09-28,2026-08-29,2026-09-28,2026-09-24
Trey Benson,ARI,RB,,263.6,,263.6,1,,,"MyFantasyLeague recent PPR, 12-team redraft",2026-09-28,2026-08-29,2026-09-28,2026-09-24
Troy Franklin,DEN,WR,,263.6,,263.6,1,,,"MyFantasyLeague recent PPR, 12-team redraft",2026-09-28,2026-08-29,2026-09-28,2026-09-24
Hayden Hatten,,WR,,264.8,,264.8,1,,,"MyFantasyLeague recent PPR, 12-team redraft",2026-09-28,2026-08-29,2026-09-28,2026-09-24
Marchie Murdock,,WR,,265.0,,265.0,1,,,"MyFantasyLeague recent PPR, 12-team redraft",2026-09-28,2026-08-29,2026-09-28,2026-09-24
Emanuel Wilson,SEA,RB,,265.7,,265.7,1,,,"MyFantasyLeague recent PPR, 12-team redraft",2026-09-28,2026-08-29,2026-09-28,2026-09-24
Robert Martin,,RB,,266.0,,266.0,1,,,"MyFantasyLeague recent PPR, 12-team redraft",2026-09-28,2026-08-29,2026-09-28,2026-09-24
James Proche,,WR,,266.5,,266.5,1,,,"MyFantasyLeague recent PPR, 12-team redraft",2026-09-28,2026-08-29,2026-09-28,2026-09-24
Delanie Walker,,TE,,267.0,,267.0,1,,,"MyFantasyLeague recent PPR, 12-team redraft",2026-09-28,2026-08-29,2026-09-28,2026-09-24
Nay'Quan Wright,,RB,,267.0,,267.0,1,,,"MyFantasyLeague recent PPR, 12-team redraft",2026-09-28,2026-08-29,2026-09-28,2026-09-24
Brandon Aiyuk,SF,WR,,267.4,,267.4,1,,,"MyFantasyLeague recent PPR, 12-team redraft",2026-09-28,2026-08-29,2026-09-28,2026-09-24
Junior Bergen,,WR,,268.0,,268.0,1,,,"MyFantasyLeague recent PPR, 12-team redraft",2026-09-28,2026-08-29,2026-09-28,2026-09-24
Zach Olstad,,RB,,268.0,,268.0,1,,,"MyFantasyLeague recent PPR, 12-team redraft",2026-09-28,2026-08-29,2026-09-28,2026-09-24
Cam Miller,,QB,,268.9,,268.9,1,,,"MyFantasyLeague recent PPR, 12-team redraft",2026-09-28,2026-08-29,2026-09-28,2026-09-24
Paul Richardson,,WR,,269.5,,269.5,1,,,"MyFantasyLeague recent PPR, 12-team redraft",2026-09-28,2026-08-29,2026-09-28,2026-09-24
Matt Barkley,,QB,,269.9,,269.9,1,,,"MyFantasyLeague recent PPR, 12-team redraft",2026-09-28,2026-08-29,2026-09-28,2026-09-24
Noah Short,,WR,,271.0,,271.0,1,,,"MyFantasyLeague recent PPR, 12-team redraft",2026-09-28,2026-08-29,2026-09-28,2026-09-24
Miller Moss,CHI,QB,,272.3,,272.3,1,,,"MyFantasyLeague recent PPR, 12-team redraft",2026-09-28,2026-08-29,2026-09-28,2026-09-24
Johnathon Johnson,,WR,,273.5,,273.5,1,,,"MyFantasyLeague recent PPR, 12-team redraft",2026-09-28,2026-08-29,2026-09-28,2026-09-24
Denzel Mims,,WR,,274.0,,274.0,1,,,"MyFantasyLeague recent PPR, 12-team redraft",2026-09-28,2026-08-29,2026-09-28,2026-09-24
Cam Johnson,,WR,,275.3,,275.3,1,,,"MyFantasyLeague recent PPR, 12-team redraft",2026-09-28,2026-08-29,2026-09-28,2026-09-24
Ben Bryant,,QB,,276.3,,276.3,1,,,"MyFantasyLeague recent PPR, 12-team redraft",2026-09-28,2026-08-29,2026-09-28,2026-09-24
Ben Wooldridge,,QB,,277.5,,277.5,1,,,"MyFantasyLeague recent PPR, 12-team redraft",2026-09-28,2026-08-29,2026-09-28,2026-09-24
Carter Bradley,,QB,,278.0,,278.0,1,,,"MyFantasyLeague recent PPR, 12-team redraft",2026-09-28,2026-08-29,2026-09-28,2026-09-24
Anthony Boone,,QB,,278.4,,278.4,1,,,"MyFantasyLeague recent PPR, 12-team redraft",2026-09-28,2026-08-29,2026-09-28,2026-09-24
Michael Briscoe,MIN,WR,,278.5,,278.5,1,,,"MyFantasyLeague recent PPR, 12-team redraft",2026-09-28,2026-08-29,2026-09-28,2026-09-24
Jase McClellan,,RB,,280.8,,280.8,1,,,"MyFantasyLeague recent PPR, 12-team redraft",2026-09-28,2026-08-29,2026-09-28,2026-09-24
Jerry Lovelocke,,QB,,282.6,,282.6,1,,,"MyFantasyLeague recent PPR, 12-team redraft",2026-09-28,2026-08-29,2026-09-28,2026-09-24
Garrett Gilbert,,QB,,283.7,,283.7,1,,,"MyFantasyLeague recent PPR, 12-team redraft",2026-09-28,2026-08-29,2026-09-28,2026-09-24
Jaelen Gill,,WR,,284.0,,284.0,1,,,"MyFantasyLeague recent PPR, 12-team redraft",2026-09-28,2026-08-29,2026-09-28,2026-09-24
Freddie Swain,,WR,,285.0,,285.0,1,,,"MyFantasyLeague recent PPR, 12-team redraft",2026-09-28,2026-08-29,2026-09-28,2026-09-24
Caleb Chapman,,WR,,286.0,,286.0,1,,,"MyFantasyLeague recent PPR, 12-team redraft",2026-09-28,2026-08-29,2026-09-28,2026-09-24
Ricky White,SEA,WR,,286.1,,286.1,1,,,"MyFantasyLeague recent PPR, 12-team redraft",2026-09-28,2026-08-29,2026-09-28,2026-09-24
Rhett Ellison,,TE,,286.7,,286.7,1,,,"MyFantasyLeague recent PPR, 12-team redraft",2026-09-28,2026-08-29,2026-09-28,2026-09-24
Ed Lee,,WR,,287.0,,287.0,1,,,"MyFantasyLeague recent PPR, 12-team redraft",2026-09-28,2026-08-29,2026-09-28,2026-09-24
Cornelius Johnson,,WR,,287.3,,287.3,1,,,"MyFantasyLeague recent PPR, 12-team redraft",2026-09-28,2026-08-29,2026-09-28,2026-09-24
Scottie Phillips,,RB,,287.7,,287.7,1,,,"MyFantasyLeague recent PPR, 12-team redraft",2026-09-28,2026-08-29,2026-09-28,2026-09-24
Zach Mathis,,WR,,289.0,,289.0,1,,,"MyFantasyLeague recent PPR, 12-team redraft",2026-09-28,2026-08-29,2026-09-28,2026-09-24
La'Michael Pettway,,TE,,290.5,,290.5,1,,,"MyFantasyLeague recent PPR, 12-team redraft",2026-09-28,2026-08-29,2026-09-28,2026-09-24
Nick Kallerup,SEA,TE,,290.9,,290.9,1,,,"MyFantasyLeague recent PPR, 12-team redraft",2026-09-28,2026-08-29,2026-09-28,2026-09-24
Dorian Thompson-Robinson,,QB,,291.5,,291.5,1,,,"MyFantasyLeague recent PPR, 12-team redraft",2026-09-28,2026-08-29,2026-09-28,2026-09-24
Beau Sandland,,TE,,292.0,,292.0,1,,,"MyFantasyLeague recent PPR, 12-team redraft",2026-09-28,2026-08-29,2026-09-28,2026-09-24
Stevie Donatell,,TE,,293.5,,293.5,1,,,"MyFantasyLeague recent PPR, 12-team redraft",2026-09-28,2026-08-29,2026-09-28,2026-09-24
Zion Bowens,,WR,,293.5,,293.5,1,,,"MyFantasyLeague recent PPR, 12-team redraft",2026-09-28,2026-08-29,2026-09-28,2026-09-24
Trey Millard,,RB,,294.0,,294.0,1,,,"MyFantasyLeague recent PPR, 12-team redraft",2026-09-28,2026-08-29,2026-09-28,2026-09-24
Ryan Izzo,,TE,,295.0,,295.0,1,,,"MyFantasyLeague recent PPR, 12-team redraft",2026-09-28,2026-08-29,2026-09-28,2026-09-24
Jacob Sirmon,,QB,,295.5,,295.5,1,,,"MyFantasyLeague recent PPR, 12-team redraft",2026-09-28,2026-08-29,2026-09-28,2026-09-24
Isaac Rex,,TE,,296.0,,296.0,1,,,"MyFantasyLeague recent PPR, 12-team redraft",2026-09-28,2026-08-29,2026-09-28,2026-09-24
Jamari Thrash,,WR,,296.5,,296.5,1,,,"MyFantasyLeague recent PPR, 12-team redraft",2026-09-28,2026-08-29,2026-09-28,2026-09-24
Jaxon Janke,,WR,,296.6,,296.6,1,,,"MyFantasyLeague recent PPR, 12-team redraft",2026-09-28,2026-08-29,2026-09-28,2026-09-24
Anthony Ratliff-Williams,,WR,,298.0,,298.0,1,,,"MyFantasyLeague recent PPR, 12-team redraft",2026-09-28,2026-08-29,2026-09-28,2026-09-24
Broc Rutter,,QB,,298.0,,298.0,1,,,"MyFantasyLeague recent PPR, 12-team redraft",2026-09-28,2026-08-29,2026-09-28,2026-09-24
Jack Plummer,,QB,,300.9,,300.9,1,,,"MyFantasyLeague recent PPR, 12-team redraft",2026-09-28,2026-08-29,2026-09-28,2026-09-24
Mark Redman,GB,TE,,301.3,,301.3,1,,,"MyFantasyLeague recent PPR, 12-team redraft",2026-09-28,2026-08-29,2026-09-28,2026-09-24
Andre Levrone,,WR,,302.8,,302.8,1,,,"MyFantasyLeague recent PPR, 12-team redraft",2026-09-28,2026-08-29,2026-09-28,2026-09-24
Sterling Shepard,NYJ,WR,,303.4,,303.4,1,,,"MyFantasyLeague recent PPR, 12-team redraft",2026-09-28,2026-08-29,2026-09-28,2026-09-24
Noah Gindorff,,TE,,304.0,,304.0,1,,,"MyFantasyLeague recent PPR, 12-team redraft",2026-09-28,2026-08-29,2026-09-28,2026-09-24
Amari Cooper,,WR,,304.4,,304.4,1,,,"MyFantasyLeague recent PPR, 12-team redraft",2026-09-28,2026-08-29,2026-09-28,2026-09-24
Tim Cook,,RB,,305.7,,305.7,1,,,"MyFantasyLeague recent PPR, 12-team redraft",2026-09-28,2026-08-29,2026-09-28,2026-09-24
Demario Richard,,RB,,305.8,,305.8,1,,,"MyFantasyLeague recent PPR, 12-team redraft",2026-09-28,2026-08-29,2026-09-28,2026-09-24
Jelani Woods,NYJ,TE,,307.0,,307.0,1,,,"MyFantasyLeague recent PPR, 12-team redraft",2026-09-28,2026-08-29,2026-09-28,2026-09-24
William Fuller,,WR,,307.3,,307.3,1,,,"MyFantasyLeague recent PPR, 12-team redraft",2026-09-28,2026-08-29,2026-09-28,2026-09-24
Jalen White,,RB,,308.3,,308.3,1,,,"MyFantasyLeague recent PPR, 12-team redraft",2026-09-28,2026-08-29,2026-09-28,2026-09-24
Joe Webb,,QB,,309.5,,309.5,1,,,"MyFantasyLeague recent PPR, 12-team redraft",2026-09-28,2026-08-29,2026-09-28,2026-09-24
Tejhaun Palmer,,WR,,310.0,,310.0,1,,,"MyFantasyLeague recent PPR, 12-team redraft",2026-09-28,2026-08-29,2026-09-28,2026-09-24
E.J. Horton,,WR,,311.3,,311.3,1,,,"MyFantasyLeague recent PPR, 12-team redraft",2026-09-28,2026-08-29,2026-09-28,2026-09-24
Stone Eby,,TE,,312.5,,312.5,1,,,"MyFantasyLeague recent PPR, 12-team redraft",2026-09-28,2026-08-29,2026-09-28,2026-09-24
Jeff Driskel,,QB,,313.5,,313.5,1,,,"MyFantasyLeague recent PPR, 12-team redraft",2026-09-28,2026-08-29,2026-09-28,2026-09-24
Milton Wright,,WR,,314.0,,314.0,1,,,"MyFantasyLeague recent PPR, 12-team redraft",2026-09-28,2026-08-29,2026-09-28,2026-09-24
Jeremy Moussa,,QB,,314.7,,314.7,1,,,"MyFantasyLeague recent PPR, 12-team redraft",2026-09-28,2026-08-29,2026-09-28,2026-09-24
Lincoln Sefcik,,TE,,315.0,,315.0,1,,,"MyFantasyLeague recent PPR, 12-team redraft",2026-09-28,2026-08-29,2026-09-28,2026-09-24
Colby Suits,,QB,,316.0,,316.0,1,,,"MyFantasyLeague recent PPR, 12-team redraft",2026-09-28,2026-08-29,2026-09-28,2026-09-24
Anthony Gordon,,QB,,317.0,,317.0,1,,,"MyFantasyLeague recent PPR, 12-team redraft",2026-09-28,2026-08-29,2026-09-28,2026-09-24
Daikiel Shorts,,WR,,318.0,,318.0,1,,,"MyFantasyLeague recent PPR, 12-team redraft",2026-09-28,2026-08-29,2026-09-28,2026-09-24
Robert Wheelwright,,WR,,319.0,,319.0,1,,,"MyFantasyLeague recent PPR, 12-team redraft",2026-09-28,2026-08-29,2026-09-28,2026-09-24
Landon Parker,,WR,,319.5,,319.5,1,,,"MyFantasyLeague recent PPR, 12-team redraft",2026-09-28,2026-08-29,2026-09-28,2026-09-24
Reggie Diggs,,WR,,320.7,,320.7,1,,,"MyFantasyLeague recent PPR, 12-team redraft",2026-09-28,2026-08-29,2026-09-28,2026-09-24
Chase Cota,,WR,,321.7,,321.7,1,,,"MyFantasyLeague recent PPR, 12-team redraft",2026-09-28,2026-08-29,2026-09-28,2026-09-24
Elijah Collins,,RB,,323.1,,323.1,1,,,"MyFantasyLeague recent PPR, 12-team redraft",2026-09-28,2026-08-29,2026-09-28,2026-09-24
Jarrett Stidham,DEN,QB,,325.0,,325.0,1,,,"MyFantasyLeague recent PPR, 12-team redraft",2026-09-28,2026-08-29,2026-09-28,2026-09-24
Kenyan Drake,,RB,,325.4,,325.4,1,,,"MyFantasyLeague recent PPR, 12-team redraft",2026-09-28,2026-08-29,2026-09-28,2026-09-24
Tru Edwards,,WR,,326.5,,326.5,1,,,"MyFantasyLeague recent PPR, 12-team redraft",2026-09-28,2026-08-29,2026-09-28,2026-09-24
Phillip Brooks,,WR,,327.2,,327.2,1,,,"MyFantasyLeague recent PPR, 12-team redraft",2026-09-28,2026-08-29,2026-09-28,2026-09-24
Avery Davis,,WR,,328.6,,328.6,1,,,"MyFantasyLeague recent PPR, 12-team redraft",2026-09-28,2026-08-29,2026-09-28,2026-09-24
Caullin Lacy,,WR,,329.5,,329.5,1,,,"MyFantasyLeague recent PPR, 12-team redraft",2026-09-28,2026-08-29,2026-09-28,2026-09-24
Isaiah Washington,,WR,,330.5,,330.5,1,,,"MyFantasyLeague recent PPR, 12-team redraft",2026-09-28,2026-08-29,2026-09-28,2026-09-24
