Player,Team,Position,Sleeper,MFL,ADP,Source_Count,ADP_Spread,ADP_StdDev,Position_Rank,MFL_Period,MFL_Source,Source_Updated,Sleeper_Updated,MFL_Updated
Los Angeles Rams,LAR,DST,95.1,113.84,104.47,2,18.74000000000001,13.251181079435906,DST1,ALL,"MyFantasyLeague season aggregate PPR, 12-team redraft",2026-09-30,2026-09-30,2026-09-30
Houston Texans,HOU,DST,103.1,107.35,105.225,2,4.25,3.005203820042827,DST2,ALL,"MyFantasyLeague season aggregate PPR, 12-team redraft",2026-09-30,2026-09-30,2026-09-30
Seattle Seahawks,SEA,DST,113.9,109.29,111.595,2,4.609999999999999,3.2597622612699837,DST3,ALL,"MyFantasyLeague season aggregate PPR, 12-team redraft",2026-09-30,2026-09-30,2026-09-30
Denver Broncos,DEN,DST,121.1,118.1,119.6,2,3.0,2.1213203435596424,DST4,ALL,"MyFantasyLeague season aggregate PPR, 12-team redraft",2026-09-30,2026-09-30,2026-09-30
Philadelphia Eagles,PHI,DST,132.6,139.0,135.8,2,6.400000000000006,4.5254833995939086,DST5,ALL,"MyFantasyLeague season aggregate PPR, 12-team redraft",2026-09-30,2026-09-30,2026-09-30
New England Patriots,NE,DST,137.3,137.65,137.47500000000002,2,0.3499999999999943,0.24748737341528762,DST6,ALL,"MyFantasyLeague season aggregate PPR, 12-team redraft",2026-09-30,2026-09-30,2026-09-30
Baltimore Ravens,BAL,DST,136.0,149.47,142.735,2,13.469999999999999,9.524728342582794,DST7,ALL,"MyFantasyLeague season aggregate PPR, 12-team redraft",2026-09-30,2026-09-30,2026-09-30
Minnesota Vikings,MIN,DST,156.4,144.88,150.64,2,11.52000000000001,8.145870119269036,DST8,ALL,"MyFantasyLeague season aggregate PPR, 12-team redraft",2026-09-30,2026-09-30,2026-09-30
Los Angeles Chargers,LAC,DST,157.1,147.53,152.315,2,9.569999999999993,6.767011895955255,DST9,ALL,"MyFantasyLeague season aggregate PPR, 12-team redraft",2026-09-30,2026-09-30,2026-09-30
Pittsburgh Steelers,PIT,DST,159.7,146.11,152.905,2,13.589999999999975,9.609581156325163,DST10,ALL,"MyFantasyLeague season aggregate PPR, 12-team redraft",2026-09-30,2026-09-30,2026-09-30
Jacksonville Jaguars,JAX,DST,158.2,155.8,157.0,2,2.3999999999999773,1.6970562748476978,DST11,ALL,"MyFantasyLeague season aggregate PPR, 12-team redraft",2026-09-30,2026-09-30,2026-09-30
Buffalo Bills,BUF,DST,,163.43,163.43,1,,,DST12,ALL,"MyFantasyLeague season aggregate PPR, 12-team redraft",2026-09-30,2026-09-30,2026-09-30
Detroit Lions,DET,DST,173.6,165.95,169.77499999999998,2,7.650000000000006,5.409366876077092,DST13,ALL,"MyFantasyLeague season aggregate PPR, 12-team redraft",2026-09-30,2026-09-30,2026-09-30
Cleveland Browns,CLE,DST,,172.28,172.28,1,,,DST14,ALL,"MyFantasyLeague season aggregate PPR, 12-team redraft",2026-09-30,2026-09-30,2026-09-30
New Orleans Saints,NO,DST,,183.34,183.34,1,,,DST15,ALL,"MyFantasyLeague season aggregate PPR, 12-team redraft",2026-09-30,2026-09-30,2026-09-30
Dallas Cowboys,DAL,DST,199.1,182.09,190.595,2,17.00999999999999,12.027886347983166,DST16,ALL,"MyFantasyLeague season aggregate PPR, 12-team redraft",2026-09-30,2026-09-30,2026-09-30
Atlanta Falcons,ATL,DST,,190.99,190.99,1,,,DST17,ALL,"MyFantasyLeague season aggregate PPR, 12-team redraft",2026-09-30,2026-09-30,2026-09-30
Cincinnati Bengals,CIN,DST,,192.79,192.79,1,,,DST18,ALL,"MyFantasyLeague season aggregate PPR, 12-team redraft",2026-09-30,2026-09-30,2026-09-30
Tampa Bay Buccaneers,TB,DST,,193.17,193.17,1,,,DST19,ALL,"MyFantasyLeague season aggregate PPR, 12-team redraft",2026-09-30,2026-09-30,2026-09-30
Chicago Bears,CHI,DST,215.7,173.05,194.375,2,42.64999999999998,30.158104217606237,DST20,ALL,"MyFantasyLeague season aggregate PPR, 12-team redraft",2026-09-30,2026-09-30,2026-09-30
New York Giants,NYG,DST,,194.49,194.49,1,,,DST21,ALL,"MyFantasyLeague season aggregate PPR, 12-team redraft",2026-09-30,2026-09-30,2026-09-30
Carolina Panthers,CAR,DST,,194.79,194.79,1,,,DST22,ALL,"MyFantasyLeague season aggregate PPR, 12-team redraft",2026-09-30,2026-09-30,2026-09-30
Tennessee Titans,TEN,DST,,194.91,194.91,1,,,DST23,ALL,"MyFantasyLeague season aggregate PPR, 12-team redraft",2026-09-30,2026-09-30,2026-09-30
Green Bay Packers,GB,DST,210.7,179.27,194.985,2,31.42999999999998,22.224366132693174,DST24,ALL,"MyFantasyLeague season aggregate PPR, 12-team redraft",2026-09-30,2026-09-30,2026-09-30
Indianapolis Colts,IND,DST,,196.42,196.42,1,,,DST25,ALL,"MyFantasyLeague season aggregate PPR, 12-team redraft",2026-09-30,2026-09-30,2026-09-30
Kansas City Chiefs,KC,DST,219.5,174.61,197.055,2,44.889999999999986,31.742023407464107,DST26,ALL,"MyFantasyLeague season aggregate PPR, 12-team redraft",2026-09-30,2026-09-30,2026-09-30
San Francisco 49ers,SF,DST,215.6,182.51,199.055,2,33.09,23.39816338946286,DST27,ALL,"MyFantasyLeague season aggregate PPR, 12-team redraft",2026-09-30,2026-09-30,2026-09-30
New York Jets,NYJ,DST,,205.51,205.51,1,,,DST28,ALL,"MyFantasyLeague season aggregate PPR, 12-team redraft",2026-09-30,2026-09-30,2026-09-30
Brandon Aubrey,DAL,K,138.3,99.93,119.11500000000001,2,38.370000000000005,27.13168719412783,K1,ALL,"MyFantasyLeague season aggregate PPR, 12-team redraft",2026-09-30,2026-09-30,2026-09-30
Ka'imi Fairbairn,HOU,K,141.2,133.84,137.51999999999998,2,7.359999999999985,5.204305909532979,K2,ALL,"MyFantasyLeague season aggregate PPR, 12-team redraft",2026-09-30,2026-09-30,2026-09-30
Jason Myers,SEA,K,140.0,139.69,139.845,2,0.3100000000000023,0.21920310216783134,K3,ALL,"MyFantasyLeague season aggregate PPR, 12-team redraft",2026-09-30,2026-09-30,2026-09-30
Cameron Dicker,LAC,K,139.7,141.05,140.375,2,1.3500000000000227,0.9545941546018553,K4,ALL,"MyFantasyLeague season aggregate PPR, 12-team redraft",2026-09-30,2026-09-30,2026-09-30
Cam Little,JAX,K,145.5,147.54,146.51999999999998,2,2.039999999999992,1.4424978336205514,K5,ALL,"MyFantasyLeague season aggregate PPR, 12-team redraft",2026-09-30,2026-09-30,2026-09-30
Jake Bates,DET,K,154.5,152.94,153.72,2,1.5600000000000023,1.1030865786510158,K6,ALL,"MyFantasyLeague season aggregate PPR, 12-team redraft",2026-09-30,2026-09-30,2026-09-30
Harrison Mevis,LAR,K,159.8,152.71,156.255,2,7.090000000000003,5.013387078612625,K7,ALL,"MyFantasyLeague season aggregate PPR, 12-team redraft",2026-09-30,2026-09-30,2026-09-30
Evan McPherson,CIN,K,155.2,173.43,164.315,2,18.230000000000018,12.890556621030775,K8,ALL,"MyFantasyLeague season aggregate PPR, 12-team redraft",2026-09-30,2026-09-30,2026-09-30
Wil Lutz,DEN,K,,166.6,166.6,1,,,K9,ALL,"MyFantasyLeague season aggregate PPR, 12-team redraft",2026-09-30,2026-09-30,2026-09-30
Will Reichard,MIN,K,172.7,163.0,167.85,2,9.699999999999989,6.858935777509503,K10,ALL,"MyFantasyLeague season aggregate PPR, 12-team redraft",2026-09-30,2026-09-30,2026-09-30
Tyler Bass,BUF,K,,168.85,168.85,1,,,K11,ALL,"MyFantasyLeague season aggregate PPR, 12-team redraft",2026-09-30,2026-09-30,2026-09-30
Harrison Butker,KC,K,182.5,159.64,171.07,2,22.860000000000014,16.164461017924484,K12,ALL,"MyFantasyLeague season aggregate PPR, 12-team redraft",2026-09-30,2026-09-30,2026-09-30
Eddy Pineiro,SF,K,174.2,169.51,171.855,2,4.689999999999998,3.316330803764906,K13,ALL,"MyFantasyLeague season aggregate PPR, 12-team redraft",2026-09-30,2026-09-30,2026-09-30
Spencer Shrader,IND,K,,173.8,173.8,1,,,K14,ALL,"MyFantasyLeague season aggregate PPR, 12-team redraft",2026-09-30,2026-09-30,2026-09-30
Andres Borregales,NE,K,,174.85,174.85,1,,,K15,ALL,"MyFantasyLeague season aggregate PPR, 12-team redraft",2026-09-30,2026-09-30,2026-09-30
Chris Boswell,PIT,K,187.2,166.3,176.75,2,20.899999999999977,14.778531726798827,K16,ALL,"MyFantasyLeague season aggregate PPR, 12-team redraft",2026-09-30,2026-09-30,2026-09-30
Cairo Santos,CHI,K,,179.84,179.84,1,,,K17,ALL,"MyFantasyLeague season aggregate PPR, 12-team redraft",2026-09-30,2026-09-30,2026-09-30
Tyler Loop,BAL,K,194.4,173.23,183.815,2,21.170000000000016,14.969450557719222,K18,ALL,"MyFantasyLeague season aggregate PPR, 12-team redraft",2026-09-30,2026-09-30,2026-09-30
Jake Elliott,PHI,K,,185.02,185.02,1,,,K19,ALL,"MyFantasyLeague season aggregate PPR, 12-team redraft",2026-09-30,2026-09-30,2026-09-30
Trey Smack,GB,K,196.1,177.17,186.635,2,18.930000000000007,13.38553136786135,K20,ALL,"MyFantasyLeague season aggregate PPR, 12-team redraft",2026-09-30,2026-09-30,2026-09-30
Daniel Carlson,NO,K,,194.05,194.05,1,,,K21,ALL,"MyFantasyLeague season aggregate PPR, 12-team redraft",2026-09-30,2026-09-30,2026-09-30
Blake Grupe,FA,K,,196.49,196.49,1,,,K22,ALL,"MyFantasyLeague season aggregate PPR, 12-team redraft",2026-09-30,2026-09-30,2026-09-30
Chase McLaughlin,TB,K,217.8,175.59,196.695,2,42.21000000000001,29.84697723388418,K23,ALL,"MyFantasyLeague season aggregate PPR, 12-team redraft",2026-09-30,2026-09-30,2026-09-30
Nick Folk,ATL,K,,200.26,200.26,1,,,K24,ALL,"MyFantasyLeague season aggregate PPR, 12-team redraft",2026-09-30,2026-09-30,2026-09-30
Joey Slye,TEN,K,,203.81,203.81,1,,,K25,ALL,"MyFantasyLeague season aggregate PPR, 12-team redraft",2026-09-30,2026-09-30,2026-09-30
Chad Ryland,ARI,K,,212.46,212.46,1,,,K26,ALL,"MyFantasyLeague season aggregate PPR, 12-team redraft",2026-09-30,2026-09-30,2026-09-30
Andy Borregales,NE,K,228.0,,228.0,1,,,K27,ALL,"MyFantasyLeague season aggregate PPR, 12-team redraft",2026-09-30,2026-09-30,2026-09-30
Cody Parkey,,K,266.9,,266.9,1,,,K28,ALL,"MyFantasyLeague season aggregate PPR, 12-team redraft",2026-09-30,2026-09-30,2026-09-30
Josh Lambo,,K,274.5,,274.5,1,,,K29,ALL,"MyFantasyLeague season aggregate PPR, 12-team redraft",2026-09-30,2026-09-30,2026-09-30
Jonathan Garibay,,K,299.7,,299.7,1,,,K30,ALL,"MyFantasyLeague season aggregate PPR, 12-team redraft",2026-09-30,2026-09-30,2026-09-30
Taylor Bertolet,,K,309.4,,309.4,1,,,K31,ALL,"MyFantasyLeague season aggregate PPR, 12-team redraft",2026-09-30,2026-09-30,2026-09-30
Zane Gonzalez,,K,317.0,,317.0,1,,,K32,ALL,"MyFantasyLeague season aggregate PPR, 12-team redraft",2026-09-30,2026-09-30,2026-09-30
Chris Freeman,,K,320.0,,320.0,1,,,K33,ALL,"MyFantasyLeague season aggregate PPR, 12-team redraft",2026-09-30,2026-09-30,2026-09-30
Greg Joseph,,K,324.7,,324.7,1,,,K34,ALL,"MyFantasyLeague season aggregate PPR, 12-team redraft",2026-09-30,2026-09-30,2026-09-30
Vincent Blanchard,,K,345.3,,345.3,1,,,K35,ALL,"MyFantasyLeague season aggregate PPR, 12-team redraft",2026-09-30,2026-09-30,2026-09-30
Matthew Wright,,K,352.0,,352.0,1,,,K36,ALL,"MyFantasyLeague season aggregate PPR, 12-team redraft",2026-09-30,2026-09-30,2026-09-30
Justin Manton,,K,358.5,,358.5,1,,,K37,ALL,"MyFantasyLeague season aggregate PPR, 12-team redraft",2026-09-30,2026-09-30,2026-09-30
Camden Lewis,,K,361.8,,361.8,1,,,K38,ALL,"MyFantasyLeague season aggregate PPR, 12-team redraft",2026-09-30,2026-09-30,2026-09-30
Dustin Hopkins,,K,362.5,,362.5,1,,,K39,ALL,"MyFantasyLeague season aggregate PPR, 12-team redraft",2026-09-30,2026-09-30,2026-09-30
Jack Podlesny,,K,368.0,,368.0,1,,,K40,ALL,"MyFantasyLeague season aggregate PPR, 12-team redraft",2026-09-30,2026-09-30,2026-09-30
Brayden Narveson,,K,381.0,,381.0,1,,,K41,ALL,"MyFantasyLeague season aggregate PPR, 12-team redraft",2026-09-30,2026-09-30,2026-09-30
Greg Zuerlein,,K,394.7,,394.7,1,,,K42,ALL,"MyFantasyLeague season aggregate PPR, 12-team redraft",2026-09-30,2026-09-30,2026-09-30
Stephen Hauschka,,K,396.5,,396.5,1,,,K43,ALL,"MyFantasyLeague season aggregate PPR, 12-team redraft",2026-09-30,2026-09-30,2026-09-30
